nom;partants;victoires
THIBAUT DROMIGNY;14;1
CL. THOMAIN;293;37
F. GIARD;142;16
M. SASSIER;400;59
M. PANTIC;13;1
STÉ. ENT. ANTHONY TINTILLIER;140;12
K. LEBLANC;267;37
L. LE DREAN;30;4
E. LELIEVRE;46;10
D. BONNE;73;6
TH. RAFFEGEAU;121;8
L.CL. ABRIVARD;316;36
CH. CUILLER;168;16
B. BOURGOIN;162;9
J.CH. PITON;27;0
P.Y. ROCHARD;41;4
Y. DESMET;87;3
A. RIPOLL RIGO;158;16
P. BELLOCHE;134;10
MLLE ESTELLE BRIALLON;25;0
TH. BORDERIE;24;4
M. MOTTIER;232;36
S. GUARATO;345;47
TH. LEVESQUE;98;18
S. ROGER;387;14
V. MARQUEZ;20;2
STÉ. ENT. EMMANUEL ALLARD;55;1
J.M. BAUDOUIN;169;22
Y. HUREL;62;4
STÉ. ENT. FABRICE SOULOY;80;13
J. BRUNEAU;46;1
CH. BIGEON;131;15
J. DUBOIS;118;12
J.F. SENET;150;7
Y. DREUX;80;15
P.Y. VERVA;168;12
R. LAGADEUC;43;8
A. RANDON;39;4
PH. DAUGEARD;169;13
TH. DUVALDESTIN;320;96
CH.A. MARY;239;26
ST. PROVOOST;252;4
A. VANBERGHEN;15;0
G.A. POU POU;81;4
D. BROHIER;68;6
G. VERVA;70;5
A. HENARD;37;4
F.P. BOSSUET;35;5
P. VERCRUYSSE;47;3
P.L. DESAUNETTE;215;27
S. HARDY;302;10
F. NIVARD;107;8
V. MARTENS;107;25
FREDERIC PRAT;21;0
J.CH. FERON;18;1
M. VARIN;112;9
D. BROUWER;76;18
J.M. ROUBAUD;322;23
A. GOCCIADORO;26;3
H.E. BONDO;237;17
NILS PACHA;202;10
P. REPICHET;92;7
E. VARIN;246;7
CHARLES BOUVIER;169;25
C. BUHIGNE;105;7
TH. BONNARDEL;378;21
N. MORTAGNE;55;4
L. GOUT;124;6
A. MUIDEBLED;36;2
J. CORBANIE;112;12
A. TOMASELLI;58;1
J. UROZ;87;9
D. ALEXANDRE;271;17
CL. MATHE;37;0
A. MAZZU;21;0
D. CINIER;302;25
R. MOURICE;278;11
D. DESBORDES;46;1
M.A. BOVAY;36;4
W. NIMCZYK;39;9
N. ENSCH;211;17
MME M. NATYNKI;6;1
H. GRIFT;101;6
J. GUELPA;65;1
THÉO BRIAND;10;2
MME C. DE SOETE;103;6
B. MARIE;278;20
R. DERIEUX;201;66
M. IZAAC;58;19
A. PILLON;67;4
CH. MOTTIER;133;28
PIERRICK LE MOEL;179;15
R. LE VEXIER;66;1
E. GOUT;108;5
ANTONIO BARBARO;1;0
M. CRIADO;17;3
A. CHAVATTE;226;37
NICOLAS RICHARD BROSSARD;67;6
G. METZLER;48;2
F. GENCE;62;3
STÉ. ENT. BERNARD GRASSET;103;5
C. GAZENGEL;130;7
ADRIEN CHARBONNEAU;13;0
F. MARTY;100;14
N. LANGLOIS;86;7
CH. DREUX;120;10
Y. DOUSSET;48;1
A.G. MAILLARD;126;8
F. TERRY;464;42
J. FOIN;131;17
L. GUILLEMIN;17;0
F. OUVRIE;71;6
Y. HENRY;153;20
G. LESSIEU;52;1
B. GOETZ;126;20
A. LEDUC;54;4
R.W. DENECHERRE;32;2
S. BOUISSON;121;11
M. AUVRAY;27;0
D. DELAROCHE;78;1
F. RODES;14;0
P. GODINEAU;25;0
J.J. BAILLON;30;1
F. HEON;41;0
E. PLANCHENAULT;23;3
C. CHENU;37;5
X. DECAUDIN;47;1
E. AUDEBERT;40;1
D. CRESPEL;43;3
MLLE P. BELUZE;25;1
J. DUBREIL;39;1
M. HANQUIER;52;3
X. THIELENS;6;1
A. BARRE;42;3
P. PELLEROT;112;7
D. LAISIS;51;5
ET. CLOZIER;38;2
MME N. GONIN;19;1
B. MICHARDIERE;61;8
F. TABESSE;62;2
BENGT SOLBERG;6;0
V. JARRY;21;0
R. PALIERNE;29;0
MLLE AUDE LEMOINE;23;2
F. BLANDIN;166;13
B. GOGLIN;76;9
H. LE BEC;32;2
STÉ. ENT. R. ET D. HUE;89;7
ALEXANDRE ANGOT;3;0
JULES LEROULLEY;49;6
F. LINDREC;26;1
A. DE JESUS;124;7
SEBASTIEN TRIBOURDEAU;54;9
G. DELACOUR;106;4
M. CHARUEL;26;1
S. ERNAULT;101;23
M. LECOURT;37;7
ANTHONIN FAVRIS;89;6
E. SZIRMAY;92;4
LOIC GROUSSARD;64;0
CH. ECALARD;10;1
A. LEBOURGEOIS;24;0
LUCAS LABBE;19;0
H. LECOT;6;0
MME D. ODIENNE;4;0
CH. PETREMENT;58;0
M. DONIO;41;2
G. CASTEL;28;2
T. LE BELLER;51;11
J.R. DELLIAUX;101;14
N. PERRELLE;24;0
C. DEFFAUX;32;0
L. THIEULENT;12;0
C. GODARD;78;6
R. CORBIN;46;7
MLLE M. LEMONNIER;12;1
P.EDOUARD MARY;52;8
G. CARDINE;18;0
D. PUNIERE;16;0
A. PEJUS;6;1
MME MYRIAM AVENEL;4;0
S. BOURLIER;125;11
S. LEBLOND;77;3
M. DABOUIS;62;0
J.F. VALLETTE;36;1
ANTHONY PERRIN;29;5
V. SEGUIN;88;8
A. REVEILLON;45;2
A.PH. GRIMAULT;122;18
WILLIAM SOUCHET;32;1
STÉ. ENT. GRÉGORY THOREL;125;10
F. HAREL;64;2
ANTONIN ANDRE;124;11
CH. MIRANDEL;97;12
Y. LAVIGNE;45;0
J. ROBERT;37;9
L. GABORIT;38;1
V. FOUCAULT;39;1
MME A. LORDENIMUS;13;0
M.X. CHARLOT;86;5
CH. FEYTE;75;5
Y. VIDAL;40;3
V. DORISON;20;2
L. LALANDE;32;2
C. HERSERANT;33;1
E. PRUDHON;56;4
J. GUERIEL;15;0
B. VANACKER;37;2
R. WESTERINK;46;6
MME G. HERITIER;19;0
J.H. TREICH;42;2
SALVATORE MINOPOLI;5;0
O. PICARD;17;1
CH. ERIKSSON;22;1
R. ORTEGA;3;0
Y. LACOMBE;73;2
D. LEBOIS;51;1
Q. MACHET;31;6
T. PARTAIX;62;5
A. DAULIER;12;0
J.J. BEAUSSE;44;6
G. BEAUFILS;119;10
O. MERLE;63;1
ANTHONY ALLAIS;7;0
B. PITON;56;2
B. ROBIN;83;8
W. BIGEON;131;12
J.M. BAZIRE;3;0
N. BAZIRE;281;41
J.PH. RAFFEGEAU;122;5
J.PH. MONCLIN;153;33
MME S. RAIMOND;57;14
J. LE MER;72;4
A. GARANDEAU;59;4
CHRISTOPHE JARIEL;17;3
J.W. HALLAIS;41;3
J.G. VAN EECKHAUTE;109;9
G.R. HUGUET;183;11
ANTOINE LHERETE;54;7
J.ET. THUET;31;5
TH. LAMARE;49;5
H.R. STROMBERG;6;0
L. FERRO;28;2
P. LEVESQUE;26;2
L. BAUDRON;146;17
F. SENET;26;2
JOACHIM ELFVING;3;0
D. LOCQUENEUX;152;13
P. HAGOORT;6;0
J.L. DERSOIR;115;3
DANIEL WAJERSTEN;14;5
E. MONTAGNA;26;0
D.P. TESSELAAR;8;0
A. ROZZONI;23;0
F. BONNEFOY;32;6
J.P. GAUVIN;104;16
PH. GAILLARD;44;5
J. CUOQ;103;7
A. BONNEFOY;112;7
MICKAEL CORMY;292;23
J. HUGUET;72;4
L. BROUST;33;1
M. DUJMIC;45;2
G. VIDAL;31;1
B. THOMAS;89;0
P. CALLIER;182;7
A. GAUDIN;21;0
J.L. VERRIERE;33;1
TH. BUSSET;60;4
G. ALAINE;39;0
J.P. PRALUS;7;0
L. GARCIA;84;4
D. MARASCO;25;0
P. BLANC;4;0
G. LAURENT;48;5
M. BUSSET;62;3
D. JAMARD;15;0
M. DAOUGABEL;52;0
L. DURANTET;53;7
G. NAKACHE;18;1
H. CHAUVE-LAFFAY;138;17
G. RAFFESTIN;67;3
L. LERENARD;255;13
M. BONNEFOY;31;1
E. BOUYER;63;2
P.A. DELACOUR;23;0
C. PILFERT;3;0
ET. LEFRANC;41;3
L. LAUDREN;50;7
GUILLAUME JOUVE;81;4
J. CONDETTE;40;4
JOEL HALLAIS;65;9
J. JAMAULT;24;1
J. BAUDRON;43;5
J. BORDAS;43;3
K. CHAMPENOIS;42;7
P.Y. LEMOINE;8;2
P. CASTEL;33;2
A. PACARY;47;6
P.A. RYNWALT-BOULARD;25;4
S. POILANE;73;3
A. LENOIR;17;0
M. GILARD;36;0
D. DODIN;14;1
J. GIROUARD;11;0
E. BEAUVAIS;22;1
E. BEUDARD;13;2
D. CHERADAME;27;3
J.M. MAILLARD;19;1
MLLE V.M. GOETZ;40;3
TH. COULON;14;0
V. MAILLARD;22;1
ST. MEUNIER;103;4
P. GODEY;59;1
N. LEMETAYER;69;9
R.CH. LARUE;62;4
G. TADDEI;14;1
A. DE VAUGIRAUD;32;10
MME A.F. DONATI MARCILLAC;41;0
J. ENGWERDA;15;3
G. LEFROU;10;1
M. IZZO;93;5
CH. CLIN;57;4
R. CONGARD;8;1
P. DESPREZ;22;1
J. WESTHOLM;52;13
F. WALLIN;12;1
PH. ALLAIRE;139;14
S.G. DUPONT;83;17
G. CURENS;88;6
MME BARBARA GUENET;16;0
J.P. MARMION;134;36
CH. MARTENS;26;2
S. MARMION;45;5
CH. DE GROOTE;52;5
MME M. DONABEDIAN;7;1
S. LALOUM;219;13
F. LAMARE;26;0
J. VANDOORNE;4;0
L. FRESNEAU;65;4
CH. BREHARD;6;0
J. CHAVATTE;74;0
R. DEBUE;45;1
B. OLICARD;41;2
N. MATHIAS;3;0
Y.R. LE MEE;36;0
P. GAUTIER;9;0
S. BAZIRE;16;1
E. PEREKRESTOFF;7;0
G. MARTY;67;1
PIERRE GERAY;22;0
J.P. LAGENEBRE;5;0
P.J. CORDEAU;39;2
Q. FLEURY;9;0
D.G. CHAVATTE;27;0
JULIEN CHAUVIN;53;0
J.M. LOURTET;40;1
C. BATY;15;3
S. ZAMPARO;5;0
Y. HAMON;21;2
F. CLOZIER;22;0
J. LEBOUTEILLER;29;5
JULIEN RAFFESTIN;122;17
F. QUITTET;20;1
THÉO CHERADAME;17;0
MLLE OCÉANE HERBINIERE;11;0
S. HOUYVET;47;1
A. THOMAS;87;10
B. BLACHET;23;0
ALAIN ROUSSEL;33;1
MME EMELINE DESMIGNEUX;33;3
RENAUD JULIEN;53;5
H. MARIE;42;1
PH. MARIE;29;1
M. BEZIER;74;3
VITALE CIOTOLA;78;9
J.M. MARIE;53;1
P. FERCHAUD;26;4
G. MARIN;22;1
N. CATHERINE;56;17
P. MONTHULE;21;0
MLLE A. MICHEL;34;3
J. POUTREL;13;1
B. ANGOT;39;1
H. SIONNEAU;40;5
J.L. BIGEON;55;6
D. LEFAUCHEUX;33;1
CH. CHALON;66;4
G. SIMON;14;0
L. VAUBERT;23;4
S. PRIOUL;44;5
L. JUBLOT;41;0
TANGUY DEVOUASSOUX;34;2
R. BRETON;23;3
X. REVEILLON;9;0
MME M. HERLEIKSPLASS;15;2
J.M. GUILLOTTE;65;3
MLLE CH. LE COZ;24;1
A.A. DAVID;9;1
E. MARTIN;5;0
Y.J. LE BEZVOET;20;0
D. JAVELLE;17;0
D. KUMPEN;54;6
J. GOSSELIN;22;1
B. VALLETTE;34;0
M. HELBERT;42;4
E. LAMY;35;1
ST. DESHAYES;19;1
P. HALLAIS;1;0
M. MONACO;54;1
P. JANNIER;16;0
C. MEGISSIER;71;10
B. CARPENTIER;64;5
MLLE M. LE BOURHIS;10;0
V. RAIMBAULT;41;1
O. POTIER;44;2
E.G. BLOT;99;3
V. COLIGNY;36;1
V. RENAULT;82;8
F. JOSEPH;64;7
O. RAFFIN;78;9
A. HUBERT;45;3
A. MARION;60;4
JEROME DAVID;69;2
PH.E. TRIBLE;26;1
A. DREUX;32;3
MME F.F. BERTRAND;10;0
ALEXANDRE CHEVRIER;41;3
D. STOEHR;14;2
J. BESCHER;44;4
D. CHERBONNEL;28;1
D. BETHOUART;35;3
M. COLLIN;7;0
J.L.CL. DERSOIR;30;7
S. TESSIER;17;0
J. GRUMETZ;31;2
B. LE BELLER;97;8
G. ROIG-BALAGUER;37;3
R. JAJOLET;53;1
STÉ. ENT. ETIENNE DUBOIS;132;22
E. PELTIER;34;2
MLLE C. LECLERCQ;39;1
V. VIEL;28;3
B.J. CREBAS;53;6
L. VERVA;102;8
GUILLERMO HORRACH VIDAL;53;1
W. MICHEL;27;0
ANTHONY DOLLION;106;6
F.B. LARSSON;7;0
B. GOOP;23;3
M. CLAEYSSENS;8;0
L. ROELENS;60;5
F. DUCROCQ;54;1
S. DIEUDONNE;19;1
TH. DEVOUASSOUX;7;0
H. LECOQ;34;0
MME CONSTANCE CHAZAL;19;1
L. SWITA;19;0
E. LINDEGREN;4;0
DAVID PERSSON;11;0
MME MARIA TORNQVIST;17;5
P. LELIEVRE;106;19
MME S. LAVIGNE;7;2
CH. HESLOUIN;39;3
RUDOLPHE BOTQUIN;5;0
N. RAIMBEAUX;100;4
N. BRIDAULT;147;12
Y. DOCQUIN;24;1
M. LENDERS;3;0
L. CHARBONNEL;50;1
CL. ZUNN;11;0
K. THONNERIEUX;87;4
E. OHANESSIAN;50;2
N. JULIEN;58;0
M. DUPUIS;62;2
D. GAUDIN;8;0
MLLE A. LEBRETON;11;0
S. CINGLAND;110;5
E. BACHELOT;9;1
A. MARCHAUX;5;0
CH. GALLIER;11;0
PH. BOUTIN;60;8
A. SOURICE;48;1
B. CHANONAT;23;3
J.CH. AUDRAN;10;0
D. VALLEE;3;0
F. GUINE;2;0
J.F. MARY;42;0
J.PH. MARY;25;0
C. DUBANCHET;9;0
TH. MARTIN;5;0
B. ROUER;28;1
MME J. STRANG;4;0
CL. GUILLON;14;1
STÉ. ENT. JONATHAN VANMEERBECK;150;8
CH.J. BIGEON;65;1
FILIPPO ROCCA;19;1
BENJAMIN LEREBOURG;12;2
J. BLAVETTE;37;5
L. CANNAERT;42;1
CH. NICOLE;109;2
CH.M. BRUNEAU;45;3
PAVEL TAMSIN;84;8
DANIEL REDEN;9;0
J. EHLERS;5;0
J. AUVARD;6;0
G. LOMBARDO JR.;2;0
IVAN PETRONELLI;2;0
EDOARDO LOCCISANO;14;3
A. CLERIN;14;0
J. UNTERSTEINER;19;3
M. ABRIVARD;227;33
A. LAURENT;53;7
D.M. OLIVIER;21;0
G. BOUTEILLER;19;1
J. PLANCHARD;26;2
J. SEVIN;10;0
R. GOUGEON;13;2
MATTHIAS CHOLLOUX;16;0
M. DAVID;7;1
F. GUINHUT;38;1
V. GOUIN;23;1
HUGHES LEVESQUE;30;2
L. PESCHET;31;4
A.H. VIEL;17;0
MLLE S. TREICH;36;2
JEAN-FRANÇOIS MOQUET;33;2
Y. HALLAIS;20;5
MLLE P. GAPTEAU;12;0
A. RIEUPEYROUX;4;0
D. CANNILLO;23;0
A. REDON;3;0
J. CAPELLE;20;1
B. MUEL;6;0
S. CAMBOU;4;0
G. LIZEE;19;1
J.F. POPOT;48;4
MLLE CL. BEILEARD;33;0
R. JOLY;23;2
B. CONSTANTIN;11;2
P. DESSARTRE;13;0
P.F. DE GRAVE;18;1
A. PEREIRA;31;3
A. ACEF;5;0
STÉ. ENT. BENOÎT BARASSIN;12;4
MME V. MOQUET;56;2
ERIC LEDOYEN;9;2
LEO ABRIVARD;76;6
R. GOUT;20;0
P. PLOQUIN;46;13
ARNAUD DESMOTTES;109;9
ANTTI OJANPERA;17;0
MATTIAS DJUSE;3;0
J.M. CHAINEUX;112;14
A. BUISSON;84;15
J. JULIEN;15;2
N. VIMOND;26;1
PH. ROUER;5;0
J. ASSELIE;11;0
P.M. MANCEAU;22;2
B. RUET;54;1
O. BIZOUX;49;3
G. TOURON;159;5
MME N. DESPRES;53;2
B. CURY;61;4
G. FOURNIGAULT;69;9
TH. LEMOINE;42;2
A. CHAPEY;17;2
F.J. PELTIER;50;3
H. NEUVILLE;17;1
G. MOINON;46;3
F. DELENCLOS;27;0
R. DOUYERE;18;1
TH. ROUSSEL;34;0
A. PLARD;34;2
H. LEVEAU;3;0
RAFFAELE CEPPARULO;27;0
L.M. DAVID;192;19
M. LEMERCIER;29;1
S. LEMETAYER;19;1
A. MENAGER;11;2
K. WESKA;7;0
J. KOUBICHE;87;12
A. DUPERCHE;61;4
A. LEDOYEN;9;0
S. GUEN;6;0
Y. CABARET;6;2
BASTIEN JOSEPH;13;0
V. LEBARQUE;146;12
T. GUILLAUME;2;0
P. POLIZZI;14;0
Y. HAGEGE;15;2
J. GUILLEMIN;6;0
S. BANTZE;10;2
F. DARONDEL;13;1
THÉO RADOUX;54;7
L.B. MARTIN;35;1
J. PAILLE;74;5
M. FRUGIER;3;0
MLLE MANON CAMPOUS;6;0
J.M. TEILLET;4;0
AX. LAIGRON;11;0
J. RIVIERE;13;0
H. BEAUMONT;11;0
J. MAZOU;13;0
R. MOURLON;88;12
L. LAMAZIERE;36;7
BASTIEN CLAIRET;42;7
MARTIAL GAUVIN;57;2
D.J. HENRY;13;0
S. JAMARD;10;0
J.D. FRICONNET;5;0
B. CHOURRE;14;0
L. BRECHAT;17;0
CL. FRECELLE;19;2
LOUIS PEJUS;5;1
MLLE J. TRIOMPHE;38;1
B. PALEAU;8;1
G. CAPORGNO;6;0
F. CARPENTIER;25;0
A.P. GIRAUD;51;4
OLIVIER TOUVAIS;29;9
CÉDRIC PARYS;24;1
PH. BEILEARD;10;0
M. MOREAU;14;0
J.M. LE CERF;9;0
D. DAUVERNE;5;0
R. COPPENS;26;1
A. GUYARD;19;1
PH. GENDRY;12;0
R. MEVEL;8;1
LOUIS BEILEARD;11;0
J. CHEVREUX;24;0
D. MARSAULT;14;0
J.E. DAVID;13;0
J.P. PITON;7;0
D. HEON;20;3
CH. BOISNARD;33;1
CH. LIBERGE;7;0
J.M. GODARD;20;1
G. CELIS;21;0
MARCO DE VIVO;4;1
B.G.M. VADER;3;0
R. POJASEK;6;0
R. DESPRES;55;3
S. PELTIER;34;2
R. SEVESTRE;25;1
J.P. DIABAT;19;1
G. PRAT;43;1
C. BEDEL;19;0
Y. SALIOT;25;1
P. BILLON;10;0
C. FERRE;10;0
DIDIER LEPAGE;7;0
CHARLY FOURE;21;0
MLLE A. CHANTRIS;3;0
A. UNTERREINER;5;0
M. RICHOU;17;0
MME L. RIISE;8;1
M. AERTS;10;0
G. HOUEL;96;9
A. TABU;13;1
L. BARASSIN;49;1
B. DE FOLLEVILLE;30;1
F. GHEKIERE;42;10
S. BROUARD;3;0
GIACOMO LICCARDO;1;0
MME G. MASSCHAELE;98;3
M. LEBREC;43;8
F.PH. SOULAT;4;0
ADRIEN BLANDIN;23;2
MME L. HUE;10;1
MME E. LE BELLER;6;0
K. VANDEMOORTELE;14;0
P. PLASSAIS;13;0
G. SUCAET;53;4
JOSEPH MELIN;3;0
A. MENEGHETTI;9;0
J. CERISIER;13;0
MLLE D. ARAMINI;30;1
MLLE ST. LEPETIT;21;2
R. GONCET;10;0
A. TESSANDIER;34;3
J.PH. DUBOIS;93;7
D. HAON;16;1
PHILIP UYTTENDAELE;2;0
MANUEL PISTONE;1;0
CL. MONTE;3;0
NICOLAS DEVIGNE;8;0
J.M. BREHARD;13;0
E. LETOUZE;41;1
L. DELESTRE;9;0
FREDDY MOREAU;5;0
A. WISSOCQ;21;0
CH. HENRY;45;5
X. LIGNEL;3;0
L.E. THEAULT;2;0
CH.A. MALLET;89;12
G. DONIO;9;0
P. HORNOY;7;0
P. CORNIERE;13;2
N. BINET;3;1
C. RIZZO;1;0
F. BARELLI;2;0
L.A. MARTIN;14;3
K. BUSNEL;109;8
F. CHRISTOPHE;10;0
A. LANNOO;43;4
MARIO VAN DOOYEWEERD;23;2
MME CELESTINE CORTY;24;3
OLAF J. SCHRODER;1;0
THOMAS BOS;4;0
HARRI RANTANEN;1;1
J.ET. LE BEC;42;3
MLLE F. MOULIN;16;0
CH. FLIRDEN;42;3
M. MANZONE;4;0
ADRIEN ERNAULT;13;5
TH. ISSAUTIER;11;0
S. ROUSSELLE;54;9
F. DE MEYER;20;0
F. BRIDAULT;10;0
A.H. POST;13;0
B. DELASALLE;5;0
J.PH. GUIBOUT;34;1
P. CIMAROSTI;10;1
D. LIZEE;6;0
G.M. BERNIER;20;0
B. LEFEVRE;22;0
G. COGNE;23;3
J. VINIGER;6;0
G. CASILLO;4;0
MME E. PRIVAT;14;0
TH. BODIN;4;0
B. GROULT;21;0
A. GASSIRARO;8;0
W. BAUDY;30;0
O. CHENE;17;0
T. AGUIAR;16;1
MME JENNIFER VALETTE;13;0
PH. SEILER;8;0
R.F. PERRET;11;0
A. MILLET;14;1
N. MARTINEAU;51;1
F. CORBINEAU;6;1
STÉ. ENT. CHARLES CRIADO;38;0
STÉPHANE BLOT;1;0
P.CH. JEAN;20;0
P.E. HENRIKSSON;1;0
MLLE C. CHASSAGNE;19;0
ERIC VERVONDEL;2;0
M. SMORGON;7;0
KEVIN OSCARSSON;6;1
P. ROMANELLI;1;0
R. PEZZATINI;2;0
A. GUZZINATI;17;2
S. FERCHAUD;14;0
P. TOUVAIS;6;0
J.M. LEGROS;43;4
EMILIEN RAULLINE;12;1
M. CONSTANTIN;21;1
TH. CHALON;12;1
E. MARTINSSON;7;0
M. HAUBER;3;0
L. VERRIERE;33;3
A. KOLGJINI;2;0
G. NOYON;3;0
J.PH. DUCHER;24;4
J.M. GAUDIN;24;0
S. LABOUTIQUE;6;0
LUCKA STAEL;8;1
ALEXIS PRAT;24;2
MME N. VIEL-PIERRE;19;1
S. PERRAGUIN;1;0
MME E. FRINTA;7;0
D. LECROQ;44;4
MME F. BLOT-CARIOT;11;1
D. BEKAERT;42;7
JUAN RIERA SITGES;2;0
PIERRE BRASSARD;9;0
MME V. CREVITS;9;2
G. MUTHULAR;9;0
F. JULIEN;14;2
CH. DUCHIER;20;3
G. SOLIGNAC;3;0
D. FAIVRE;7;0
D.J. ROUSSEAU;6;0
B. SABOURDY;7;0
G. RIVIERE;15;2
A. RIVIERE;4;0
S. CHARRIAUD;5;0
QUENTIN PERDEREAU;25;1
F. DELANOE;19;0
F. LEBLOND-MARO;16;3
DYLAN DULONG;2;0
D. PERDEREAU;1;0
E. GARNIER;23;0
ARNAUD MORIN;11;0
J.CL. VINCENT;6;0
J.PH. DERRIAN;3;0
M. KROUCHI;16;3
A. ADROVER MARTINEZ;1;1
J.M. BERTRAND;4;1
R. BREUX;2;0
MLLE A.M. SOUDAIN;29;2
MLLE M. GIBON;6;0
J. LESNE;10;0
MLLE CH. DELAMARE;24;1
P. HAWAS;5;0
F. LERCIER;18;0
J. NISKANEN;19;1
J. GODART;8;0
H. VAN DEN HENDE;12;1
X. FORGET;2;1
D. MOES;32;9
G. GILLOT;62;11
M. ROTHENGATTER;18;3
E. BOT;13;1
J. VILAULT;40;2
Y. GAUTIER;22;2
G. LAVARDE;10;0
F. LAGADEUC;46;9
J.R. DECLERCQ;31;1
MME SABINE KAGEBRANT;13;3
C.J. DE LEEUW;12;0
C. TRAVERT;9;1
ANDREA BIGLIARDI;1;0
E. FIASCHI;2;0
A. BLOYET;24;0
H. TOUVAIS;16;1
S. DESMARRES;11;0
J. VIVION;1;0
P. CHAUSSEPIED;10;0
T. MARCHAND;3;0
J.M. JARRY;2;0
J.J. DELHAL;8;0
MME M. COLLET;2;0
J. GROIZEAU;27;1
E.M. FOURNIER;37;8
J. ROULLAND;4;0
P. LABROUSSE;1;0
D. BERGER;1;0
J. LANGELIER;8;0
G. CHAMPENOIS;8;0
STÉ. ENT. KÉVIN VANDERSCHELDEN;27;1
MLLE A. BARTHELEMY;1;0
G. LEFEBVRE;23;0
P. SORAIS;5;1
H. HABART;4;0
D. DUTHEIL;7;0
Q.B. VERNEUIL;3;0
B. FONTAINE;18;0
K. AIT OUAKLI;9;0
S. MOLLO;1;0
M. CASTALDO;2;0
CH. GLORIEUS;4;0
P. DANET;28;2
N. D'HAENENS;17;0
G. DEMOULIN;20;0
F. CHARTIER;16;1
MLLE I. KLAPPE;9;0
PH. TERNISIEN;10;0
P. HILLEN;7;0
F. CRIADO;5;0
MME A. RENAUDIN-LELARGE;5;1
J.Y. HUREL;5;0
I.P. BLANCHON;25;0
MLLE O. TOUILLET;14;2
MME CL. DESMONTILS;42;3
S. RAFFEGEAU;3;0
F. RETAUX;24;0
A. TROUVE;4;0
S. BIZEUL;7;3
A. DEMISSY;9;0
R. RUCINSKI;6;0
F. CRUAUD;8;0
FLORIAN PRIOUL;2;0
MLLE C. CHERADAME;10;0
A. DAVID;9;1
B. BELUZE;10;0
PH. JULIEN;12;0
JORIS FILOGRASSO;52;2
PH. JEANNERET;12;0
HARRI MIKAEL RANTANEN;5;0
D. CHEVRIER;8;0
W. VAN DER ZWAAN;10;0
MME I. HUYGENS-DE WITTE;21;0
J.B. LEMOINE;30;0
D. FISCEL;2;0
G. CHAVATTE;4;0
M. BOUCHEZ;7;0
MME AGNES SEVERS;3;0
X. THEVENET;10;1
MLLE LAURIE COPPENOLLE;1;0
H.K. EHLERT;8;2
FRANKY ELIANO;2;0
N. JAULNEAU;13;0
JOHNNY WESTENBRINK;6;0
B. GRONDIN;7;0
F. JEANNEAU;2;0
F. BELLIER;4;0
X. MARY;7;1
P. GUYOT;4;0
ALEXIS POPOT;8;1
F. HEUDIARD;5;0
MLLE ELISE FOSSARD;2;0
J.P. CADEAU;2;0
J.Y. OLIVIER;7;0
R. HEMERY;14;0
JOACHIM CLYNCKE;7;2
D. DELSART;3;0
TH. LONCKE;19;1
I. DIERICKX;9;1
R. KUIPER;39;1
JEAN MARC POELMANS;5;0
DAVID LEFEVRE;11;0
THIBAULT VOLCKAERT;2;0
MME K. BOSSUYT;11;0
BENOÎT GONTIER;1;0
A. FOULON;7;0
Q. CHAMPENOIS;1;0
R. LAMY;5;0
V. HEBERT;14;0
M. BARBINI;7;0
S. GUELPA;11;0
C. PETITDIDIER;3;0
NATHAN BOISRAME;7;0
J.L. HOCDE;8;0
H. BEAUDOUIN;2;0
P.G. CAVEY;11;0
G.Y. POIRIER;3;0
GREGG LUPI;8;0
R. BUFFAVAND;16;0
J.CH. GANDRE;3;0
P. DEMURU;5;0
MME A. GERMAIN;14;0
D. DAVOUST;12;3
B.R. PLAIRE;6;0
CH. NIVARD;9;1
T. BORD;22;1
P.L. ROUSSEAU;14;1
M. VERVA;53;3
FRANCIS GELDHOF;7;0
D. BOUILLON;3;0
B. SCHWARTZ;3;0
C. RAIMBAUD;16;0
LORENZO ZOLLO;8;0
R. CHAUSSIER;16;0
P.Y. BOUVIER;3;0
J. DESHAYES;4;0
F. COPPYN;10;0
ANTOINE TRIHOLLET;44;2
C. JEAN;12;2
P. FRERET;7;0
R. BERNIER;12;0
S. ROBART;9;0
R. FEELDERS;16;1
MARC DE COCK;5;0
G. VAN DE SIJPE;6;0
A. TOUZERY;6;0
M. LEBEY;7;0
N. DELAMARRE;18;4
HEINZ BERGER;5;2
AURÉLIEN DESMARRES;23;3
R. DEVIS;6;0
J. BERGMANN;4;0
P. VAN ACHTER;14;0
G. LOIX;5;0
Y. TEERLINCK;15;0
STÉ. ENT. THÉO BRIAND;32;4
D. THOMAS;12;0
F. FERRERO;2;0
D. PASQUIER;6;0
P. MARTIN;4;0
S. LE CERF;7;0
L. LE TEXIER;4;0
F. TABOURIER;5;0
TH. MOUSSEAU;5;0
R. KERGUERIS;6;0
Y. LE BRIS;7;1
FLORIAN GAUVIN;13;0
LIONEL GIRAUD;4;0
R. BERUJAT;10;0
MME CHRISTEL MOORTGAT;1;0
MLLE V. LAST;3;0
G. LAUREYS;16;0
V. SOYEZ;6;0
K. DE MEY;5;0
P. ROULLEAU;12;1
B. MASCLE;7;0
TH. ALINE;2;0
M. BARRE;11;0
MME PAULINE MALQUET;3;0
D. DUPRE;5;1
MME TIPHANIE GARCIA;5;0
RAPHAËL ONGHENA;8;0
D. LEROI;1;0
K. HAWAS;4;0
B. BARBIER;31;0
ET. ONGHENA;11;0
I. ZENDELI;7;0
F. JAEGLER;6;1
J.P. FICHAUX;25;2
J.X. MAILLARD;12;0
YOANN ACKER;4;0
L.J. PELLEGRINO;4;0
L. GUITTON;10;0
G. DELAUNE;5;0
S. LELIEVRE;20;2
M. ANDREU MESQUIDA;2;0
MME A. MORISSE;4;0
S. ECALARD;26;0
MME C. HALLAIS-DERSOIR;12;1
R. WESTER;2;0
S. DE CUBBER;3;0
B. HOJKA;15;0
F.PH. BERTHAULT;7;0
J.M. BRECX;1;0
H. COMBOT;22;0
P. HERGNO;7;1
RÉGIS RADOUX;1;0
P. BOUCHEZ;1;0
J.PH. BAZIRE;4;3
J. BERTHELOT;5;0
PH.J. POISSON;14;0
MME B. RUIZ;3;0
A. FRONTERA POCOVI;1;0
MME MARIA LLINAS ROSSELLO;3;0
TRISTAN OUVRIE;1;0
G.J. DECOCK;4;0
J. DUCLOS;4;0
P.J. GOETZ;5;0
A. VAN ACHTER;8;1
MME SUZANNE VACHET;5;0
M. CHERADAME;3;1
D. GARCIAS;5;0
JOEL BOUTEILLER;4;0
L. VOLLET;3;0
E. VERDIER;1;0
J. ROUX;8;0
S. LEVOY;8;0
B. GUILLOUX;7;0
L. KOUBICHE;18;0
TH. LARDILLIER;2;0
MME KARINE DEBACKER;6;1
MARKUS B SVEDBERG;16;2
J.M. BOUVARD;12;1
R. GUESTHON;8;0
D. PROST;1;0
D. LAPRAY;4;0
CHRISTOPHE MARIE;13;0
G. ROCHNA DUMONT;4;0
R. DE FEYTER;5;0
KRISTOF GALLE;2;0
J.J. BOUQUET;2;0
J.M. BERNARD;1;1
J.M. EMPEYTAZ;2;0
J. HERARD;9;0
MLLE MARINE RICHARD;2;0
A. DE GRAEVE;4;1
E. NOISETTE;11;0
CH. WILDHAGEN;3;0
MAURICE VAN DE MOER;4;0
E. FOURNIGAULT;10;0
B. DESLANDES;10;0
D. BAZIN;9;0
J.M. TOUZET;2;0
M. HAMELIN;5;0
P. DESMIGNEUX;6;0
MATHIEU BLANQUET;9;0
J.Y. MARECHAL;5;0
MME PAULINE CAVANIE;6;1
THÉO DUVALDESTIN;4;3
ED. COUBARD-MEUNIER;14;0
R. COURCELLES;1;0
MME E. DESSARTRE;8;0
DARIUSZ CZERWINSKI;37;3
J.L. GADOIS;2;0
E. NICOLAYSEN;2;0
D. EOCHE;5;0
W. DAVID;2;0
D. PAULEAU;7;0
E. LAMBERTZ;7;0
J.F. MOUSSET;2;0
MLLE LARA LEFEBVRE;2;0
E. DEVENNE;12;0
J. LAVAINNE;8;0
V. HENON;1;0
F. ANDRIEU;13;0
JEAN MORICE;3;1
A. BARASSIN;2;0
CH. LEJEUNE;7;0
MME JULIETTE LEDUC;3;0
D. JUIN;5;0
MLLE A. HARET;1;0
M. BADIN;2;0
M. MASSY;7;1
J. ACHE;8;0
J. BABIEL;4;0
P. HACHIN;15;1
THIBAUD DELAPLACE;6;0
A. MARIE;6;0
G.L. PELTIER;3;0
C. CHESNE;5;0
J. WARIN;3;0
F.X. KOENIG;3;0
MME M. VAN PETTEN;2;0
V. POUPIOT;7;0
MME BETTY REMY;8;0
CLÉMENT DUVALDESTIN;5;5
S. DEGLAS;5;0
FRANCESCO DI STEFANO;1;0
STÉ. ENT. CHRISTOPHE MARTENS;62;10
MME M. BEUDARD;4;0
S. DESHAIES;5;0
CL.Y. FOUGERES;10;0
M. JUIN;3;0
F. ROBIN;2;0
G. HERARD;4;0
MME P. GAULIER;2;0
MME SANDRA WYSS;1;0
BRUNO CHARLES RIVIERE;5;0
JOAKIM ESKILSSON;1;0
J. DAHLMAN;5;0
V. ROYER;7;1
F. LETONTURIER;4;0
C. LEBOURGEOIS;2;0
F. DELPECH;4;0
F. LESZCZYNSKI;1;0
M. VICH CAPO;4;0
G. JEANNETON;1;0
D.E. CORDEAU;5;0
D. SABOURDY;5;0
C. LANGLOIS;2;0
E. VIDOTTO;1;0
JOERI DE LAENDER;4;0
ROEL SELDERSLAGHS;1;0
J. VANHOUCKE;1;0
V. COLLARD;6;0
J.L. FORGET;5;0
D. VAN DE WALLE;5;1
MME A. DENGIS;1;0
HANS DEPYPERE;8;2
MME M. BANSEMER;4;0
C. DELBECQ;6;0
D. DEFLOO;3;0
ANDREA ESPOSITO;3;0
F. TOQUET;3;0
H. DRAGT;2;0
J. FERCHAUD;4;0
B. DEBRIS;8;0
B. VAN HELLEPUTTE;1;0
A. LELODET;12;0
F. HANOT;2;0
A.P. SCHMITT;3;0
C. MAROLLEAU;10;0
CH. SORIEUX;2;0
A. GILLES;1;0
CH. VANDESTICK;4;0
N. CHEVALLIER;2;0
G. MONNIER;1;0
LÉO SEIGNE;1;0
N. LOISEAU;2;0
VLADIMIR HEBERT;3;0
F. LEDOUX;14;0
A. DUBOIS;2;0
PH. MIGEOT DE BARAN;1;0
K. VAN CRAEIJNEST;4;1
B. ROTSAERT;1;0
HENK DEPYPERE;3;0
J.L. CARPON;5;1
J.M. BABIN;8;0
B. DE GRAEVE;2;0
J.F. VAN DOOYEWEERD;47;11
O.J. ANDERSSON;7;1
A.W. BOSSCHA;5;1
Y. LEBOURGEOIS;2;0
L. DESCHAMP;1;0
MME M. GIBON;4;1
MATHIEU VERDEZ;3;0
G. BOTHOREL;2;0
J. BOUYNE;2;0
MME L. VAN BAEL;2;0
MLLE M. NORBERG;11;1
S. DELL'AQUILA;2;0
F. COMBOT;6;0
B. FEDRY;6;0
G. PRESLES;4;0
R. LHOMME;1;0
W. COYSMAN;2;0
M. VAN HOECKE;1;0
XAVIER BARROIS;12;0
A. CROZET;3;0
O. TIRARD;6;0
CL. RAIMOND;6;2
G.B. BADIN;3;0
F.M. ROUSSEL;6;0
D. ARMELLINI;6;0
D. BLOND;5;0
S. OBLIN;5;0
J.B. DAGORN;2;0
D. TRAVERT;3;1
E. CREPEAU;1;0
MME JILL VERSTRAETE;3;0
LIEVEN LANNOO;2;0
MME I.L. KUULMAN;7;0
S. DOUANEAU;6;2
P.F. COLLIN;3;0
TH. XICLUNA;1;0
D. MAUCOURT;2;0
F.M. DAVID;3;0
S. GAUDARD;1;0
P. QUESNEL;2;0
O. DIARD;2;0
CH. DAGNICOURT;10;2
A. DABOUIS;12;2
K. LEBOUTEILLER;4;0
ANTONY BOUTIN;4;0
P. BRETAUDEAU;2;0
A. GOUGEON;10;0
ET. ROUE-LECUYER;5;0
THOMAS LEBREC;16;1
MME SVIATLANA TARAN;4;0
J.J. ROULLAND;1;0
THIERRY COLLAUD;6;1
F. JUNG;3;1
B. GUILLOT;2;0
PH. AUTIN;1;0
L. LAHAYE;2;0
C. LELARGE;3;0
MME JASMINE ISING;5;0
J. BETHOUART;1;0
O. LIENART;10;0
V. CHABIRAND;4;0
G. LIGERON;18;3
MME A. BARTHELEMY;4;0
F.M. MORIN;4;0
N. ROUSSEL;3;0
B.G. GUERIN;1;0
A. HUREAU;12;4
TH. ADELAIDE;1;0
J. MERER;5;0
M. BOUGAULT;2;0
D. DANIGO;1;0
L.J. MARTIN;1;0
A. MANTA;2;0
TH. CORBES;3;2
MME E. DROUET-CONSTANTIN;1;0
CH.E. CHALMEL;4;1
MME L. BRETAUDEAU;2;0
T. MALMQVIST;12;0
MICHELE DI FRANCIA;1;0
E. POUPARD;5;0
G.J. LEFEBVRE;2;0
V. SAUVAGE;1;0
F.G. LOUICHE;4;0
J.PH. BORODAJKO;3;0
CH. POUSSIER;1;0
MME HÉLOÏSE LENAULT;1;0
D. GENOT;2;0
PH. JOUBIOUX;3;0
CH. JOUENNE;7;0
S. PILLON;9;0
P. HERNOT;4;0
A.J. MOLLEMA;3;0
F. REROLLE;2;0
PH. BEUREL;1;0
J. ROSENZWEIG;1;0
D. BOURGEIX;2;0
MLLE V. LIETARD;3;0
F. DEMOUTIEZ;3;0
A.A. GUIBOUT;5;0
X. LEVEAU;2;0
G. SORIEUX;2;0
J.L. DEHUT;3;0
T. MARTENS;1;0
G. GILLES;1;0
MME G. GARRAUD;1;0
MME M. TRIHOLLET;1;1
L. BAUDOUIN;2;0
M. GOVIGNON;3;0
J. LORENTZEN;1;0
J. GARNIER;6;0
STÉ. ENT. MATILDE HERLEIKSPLASS;5;1
ACURCIO MANUEL DA CUNHA PEIXOTO;1;0
M.G. BARON;3;0
DEAN SERNEELS;1;0
VITALII KLIUCHNIKOV;2;0
F. DEMUYNCK;2;0
R. AEBISCHER;1;0
G. QUARNETI;1;0
MICHEL DUVEAU;1;0
D. DE JESUS REIS;4;0
PATRICK KANE SR;1;0
R.T. DE VLIEGER;1;0
V. CABOS;1;0
J.PH. DARONDEL;3;0
S. BESNARD;1;0
B. BEULLENS;3;0
W. JEHANNE;1;0
GREGORY MARTENS;7;0
GH. DANNEVILLE;2;0
J. LAVILLE;2;0
G. NION;3;0
MME L. DAVODET;2;0
MARCO BORTOLOTTI;2;0
PETRI TARRIMAA;1;0
L.J. MOLLEMA;1;0
J. ROUE;1;0
G.V. GUNDERSEN;3;0
LOUIS RODRIGUEZ;2;0
CH.M. DUVAL;2;0
P. HEDIGER;2;0
PHADY LY;2;0
E. MANDRAN-FERRAND;4;0
XAVIER DEMASSE;1;0
MME M. LEMONNIER;5;0
K. GIRAUD;2;0
J.J.X. BARRE;1;0
F. CHAPDELAINE;1;0
A. VAN IMPE;1;0
S. ALUS;1;0
M. RAIMO;1;0
T. VERDONCK;1;0
D.CL. TRAVERT;1;0
F. LENAULT;1;0
B. MADELINE;3;0
P. CARMOY;1;0
P. DELAMARRE;2;0
Q. LEPENNETIER;2;0
STÉ. ENT. RODOLPHE DOUYERE;3;0
TH. LEVEAU;1;0
MME M. BACSICH;1;0
G. MAILLARD;2;0
W. BOURDON;1;0
L. PALEAU;1;0
CH. TACK;3;0
O. LECHARPENTIER;2;0
DR CEES P. BOEKEL;2;0
GUY X. NICOLAS;1;0
MME J. NADEAU;1;0
M. BOUREE;1;0
G.A. PREZEAU;2;0
A. CANCOUET;1;0
A. TOURON;1;0
Q. DAOUGABEL;7;1
ARNO DANNEELS;1;0
PH. LEFEBVRE;1;0
C. LUGAUER;1;0
R. GRAMULLER;2;0
MME KELLY MYLE;1;0
E. LAGAS;2;0
PH. GAUDIN;1;0
F. DEGEZELLE;1;0
N. JANSSENS;1;0
MLLE S. FRANCHETEAU;1;0
P. LECELLIER;1;0
F. SORIEUX;1;0
S. COUBARD;1;0
G. BUFFAVAND;1;0
ANTOINE PERROT;1;0
L. VANBROEKHOVEN;1;0
P. PICOT;1;0
